{"cameraMode":{"drawMode":0,"name":"Shaded","section":"Shading Mode"},"sceneLighting":true,"audioPlay":false,"sceneViewState":{"m_AlwaysRefresh":false,"showFog":true,"showSkybox":true,"showFlares":true,"showImageEffects":true,"showParticleSystems":true,"showVisualEffectGraphs":true,"m_FxEnabled":true},"in2DMode":false,"pivot":{"x":22.592342376708986,"y":-5.7465057373046879,"z":13.947122573852539},"rotation":{"x":0.11261341720819473,"y":0.44031772017478945,"z":-0.05577296018600464,"w":0.8890056014060974},"size":25.55695152282715,"orthographic":false}